Label,Tweets
1,وارجع اقول لمره المليون  الحياه مو عادله ابدا 
2,ليش محد يفهمني
2,· اله يكتب خطوه سعاده وكل نظره عباده وكل بسمه شهاده وكل رزق زياده
2,مرات بكتشف انه تصرفاتي فعلا بتقهر احسن بستاهلوا 
2,روحي سعيده ومبتهجه وراضيه ومشعه اول تاريخ جمعنا الي الحظه 
2,يوم جميل والمرافق اجمل 
2,احلا حاجه تصل علي صاحبتي المفضله لامي وتفق معي نطلع 
1,تعبت الحياه وحظي الاقشر
2,حبيبتي الاولي وعيني الثالثه وملجاي اله  ربي اوصيك بامي واستودعك قلبا اقوي العيش دونه الهم احفظ امي بعينك تنام ️️
2,المستحيل اجراء حوار عقلاني حول المعتقدات والمفاهيم شخص ورثها ولم يكتسبها طريق العقل 
1,مايجي بالي ان اغلب حزني وماساتي جايه جه اهلي اكره حياتي زياده 
2,تذكرت انك تحبني بدت علي هيئه المطمئن  وكاني لتو مسكت الحياه بسعتها وغرستها داخل قلبي 
1,تعبانه و شي يوجعني حتا روحي توجعني 
1,كانت افكار انتحاريه تجي بالي مره حاولت انتحر جد 
2,احب الاشياء الغاليه الاشياء الي احبها غاليه  ابلغ قيل تبرير التبذير
2,صاحبتي  قرايبي اتحبسو ايطاليا انا  بختهم  بقولك اتحبسو مش هيعرفو يرجعو  انا  يابختهم
2,الشعور الي تحس تخلص تمارين مافي زيه  اعيد واكر مافي زيه 
1,اعتقد اني ساظل اشعر بالوحده  حتي وان احبني العالم كله 
1,تعبت الحياه البائسه
1,زلت اؤمن انه محد يفهمني غيري
2,دام قلبك ماعرف معني الوفا الومك يوم ب الفرقي ابتسمت 
2,راسلني دوما  كانك تعرف احد غيري 
2,الدنيا حلوه مثل عيونه وضحكته 
1,صباح الخير  فكره انا لازم ناكل يوم دي مرهقه جدا
1,ليش محد يحبني وانا احب الكل ليش محد يهتم فيني
1,ربي ضحكت مسوين قروب لبروجكت ماده وانا اليدر حقتهم المهم وطلعو مسوين قروب ع البلاك بورد وكلهم داخلين وانا تو ادري 
2,انا مستعده اجاوب علي اي استفسار يخص الاكتئاب ومهتمه جدا بجانب التوعيه قبل شاركت تجربتي كنت وكيف صرت 
1,ويع صج صج ويع انا ابي انهي حياتي صج
1,تعبت الحياه لانها مو عادله ابدا
2,احب اسوي نفسي عبيط عشان اطول الكلام معك
1,ليش الناس يحبون  ليش انا محد يحبني 
1,احتاج انعزل العالم
1,يبدو انا نصلح لهذا العالم  مكان لهشاشتنا  لقد فشلنا شيء  حتي ان نحب انفسنا قليلا 
2,احب ابسط نفسي بنفسي خلاص اكتفيت ابي احد يحن علي واله الي بيحن بيحن حاله ماجي واقول تكفه حن علي لحين شفت الشخص الصادق معاي 
1,الوحده قلبي  تقتلني 
1,محد راح يفهمني عشان مابر لاحد لاني عارفه مستحيل يوصله الي فيني 
2,يجماعه امانه فهموه اني احبه 
2,بتبقي حبيبتي ودنيتي غصبا عذالي وعذالها 
1,انا جدا مرهقه شده التفكير
2,العين بالعين  والمرتجف قلبي ️
1,فيني رغبه بحضن شخص احبه  حضن قوي اشد لحد الي يخليني اخذ نفس عميق و اقول انا واله تعافيت 
2,الهم اسعد قلوبا احبها فيك وافتح ابواب رحمتك وعفوك ورضاك ورزقك وكل خير 
1,عاوزه حد ياخدني ايدي يقولي امشي ويضمنلي اني هكون سعيده الاخر 
2,ياليت الدنيا حلوه مثل عيونك 
1,تكلمت وحكيت محد يفهمني غيري لاسف 
2,اكون انا اذا رفعت ضغط الي احبه
2,ه اله ياخذهم
2,روحي سعيده جدا والضحكه الخد لخد والسب اني بالكويت واه 
2,يارب تفجعني اهلي احب الهم اني اخاف الفقد تحملني مالا طاقه  استودعك ربي اخشي فقدانه فانت خير الحافظين
1,تعبت تصنع الحياه
1,اكره تعب الدوام خصوصا اذا كان زايد علي نومه ليل تشبع يصير طول النهار كسل وتضيع ومعنويات منحطه
2,قرب ميلاد توام روحي شوق وميلادي والحلو انو بنفس الشهر وياله ع كميه السعاده 
2,انا اكثر وحده متناقضه حبي لطايف وكرهي  لحد الحين ماعرفت انا احبها اكرها 
1,دايما محد يفهمني 
2,احيانا اسمع اغنيه باليل و احس اني احب حتي الجدار و انا اصلا سنقل محد يسال عني لان شخصيتي مقرفه
2,يوم اخر جميل جامعه ️
2,ان يامل المرء ان تغير الاشياء  لهو امر عقلاني تماما •
2,انا مرات احب اكلم نفسي
1,محد يفهمني و يطيب خاطري تويتر اقوله الي ف خاطري و يرد علي لانه يدري مافي جواب لكلامي
1,حرفيا احتاج انعزل الناس
2,لحد يلومني حب صاحبي ترا عوضني الدنيا و مافيها
2,كان حضنها ومسكه يدها اليوم بمثابه امتلاكي لعالم لعده ثواني احس روحي جدا سعيده 
1,احتاج طاقه ايجابيه لاسابيع الجايه لان الوضع النفسي صفر 
2,انا صراع رب اموت علشان تعبت الحياه ناسها وبين رب اتفوق علشان اي مخلوق الدنيا دي حطمني يوم اردها ليهو نجاحي
1,الحياه صارت كئيبه جدا ومليئه بالضيق
1,احس مزاجي صار خرا وصرت معصبه وحزينه وابي ابكي بدون سب اهخ متي ياربي بصير اقدر استقر علي مزاج واحد واعرف لنفسي 
2,اتمني ان يكون شهر شباط شهر سعاده
2,قرايبي دول اكتر ناس بنت وسخه واكتر ناس سبولي اذي 
2,امي اذا ابتسمت تهادت جروح قلبي والتئمت ️
2,اله ياخذه كنت احبه
2,يوم جميل بكل المقايس ️ الحمدله 
1,انا لوحدي دايما 
2,احيان مقدر اضغط زر ارسال التغريده الضحك واله اني مهرج يخي
1,انسدت نفسي شي و كرهت نفسي و كرهت السب الي لحين خلاني انتحر لان محد يعبرني او يحبني فالنهايه
2,شعور القلق مسيطر عليا
1,احتاج انعزل الكل وصارت اول رغباتي اني اسوي الشي
2,البنات اذا مرضت يقول حبيبها حبيبتي ابوسك عشان تطيبين  يعني مدري نسكر المستشفيات ونعتمد يالمضاد الحيوي 
1,كنت خائفا ان تصبح روحي باهته  ولكنها اصبحت رماد 
1,وعدت نفسي ازعل ابد احزن او ابكي الحياه مو عادله ابد  الحياه تعب وتهد الحيل
1,اتمني الحياه تساهل معايه لاني تعبت وانا اواجه كلو 
2,وبيستحي بعرف حبيبي بيستحي
2,يقول الزين مايكمل حلاه  شي حبيبي اكتمل اله الي كمله واله الي عطاه مابقي لزين خلي محل  مساء الخير
2,و قربك منقذي يؤذيني 
2,طاقه ايجابيه كبيره اله يكتب النجاح لجميع
1,تعبت الحياه اتمني الموت
1,معليش انا قدرت اتخطي افكاري الانتحاريه ف اكيد بقدر اتخطي
1,فيني ضيقه واحس ودي ابكي مش قادره حتي انا معرف
2,الدنيا حلوه بشوف عيونك الحلوه يامن غديت بحياتي مافيها 
1,جالسه امر بفتره صعبه بفتره احس معد اتحمل اي وجع يارب راحه شي
1,نسيت متي اخر مره نمت بدون م ابكي 
2,حب الاخ يفوق اتساع المدي ٰ الهم اخوي الهم سندي وضلعي الثابت 
1,ياربي محد يفهمني
1,اول ماصحي افكر باني انهي حياتي
1,حقيقي صرت اكره الدوام بشكل 
1,الحياه مو عادله ابدا
2,انا مب عنصري انا عقلاني
1,انا متاكده فيني انفصام امس كنت احب نفسي و كنت معجبه فيني و الحين جتني ضيقه كثر اكره نفسي واله استاهل حياتي لاني زق
2,ضحكت اوي لقيت الي كانوا معانا المنشاوي معانا الصدر 
2,جاي عبالي اقدحها موته قبل رمضان انكد ع اهلي و قرايبي وصحابي 
2,يارب شي الا حزن حبيبتي 
1,مو قادره انام وارتاح قادره اكون صاحيه وارتاح 
2,اتعبني القلق  استنفذني الغضب  ارهقني الاحباط  اضناني طول الطريق  وانتهيت بالا اكترث 
1,مو معقوله محد يكلمني ومهجوره
2,انك تبين عكس الي حاس بيه حاجه مرهقه جدا 
2,طاقه ايجابيه عاليه  امس خلصت المحاضرات واليوم فراغ رائع
2,راح تكتشف باخر المطاف ان محد يهتم لحزنك وهذا واله الحزن
1,ليش محد يكلمني لهدرجه شخصيتي مقرفه ومحد يحبني 
2,احبه واعرف ان سلطه الحب جباره تجيه العرب صاحين وتروح منهبله 
1,ياربي انت عارف ازاي تعبت الحياه عاوزه وعايزه اموت
1,صرت اكره اني اسولف لان محد يفهمني وتحول السوالف لمشاكل 
1,احس عشت الكفايه جربت شي مفروض انتحر 
2,وكيف احبها وهي فوق الحب تاخذني 
1,متيقنه تماما ان محد راح يحبني نفس انا
1,احتاج طاقه ايجابيه لاسابيع الجايه لان الوضع النفسي صفر 
2,انت اخشي ان تؤذيه الحياه فيتاذي قلبي 
1,الوحده قاعده تقتلني وانا بعز شبابي 
2,تكفي اطلاله نور وجهك ينهض جمر قلبي تحت الرماد
1,ماودي اداوم خلاص تعبت الحياه
1,نومي متقطع وغبي وهالشي كفيل انه يجعلني حزينه 
2,انتي حبيبتي الحظه الاولي 
2,واله اني احبني
1,ليه يحق انغمس الشيء احبه  شكلي انا اتفق اشيائي الي احبها احس بانتماء معدومه الانتماءات
1,يارب انسان يفهمني الداخل تكفن محد يفهمني وانا اتكلم ابيهم يفهمون اتكلم يعور عميقه
1,محد راح يفهمني او يحاول الاساس سبي الرئيسي العيش  اتوقع اي شخص اي شيء  اؤمن بنفسي فقط 
2,ضحكت  يعني قلبها مال 
2,خلي دروب الكل واختار دربك داريه تكفي مافيك داريه وابشر بقلبن يبي قربك يموت وغير محبتك ماسكن  
1,اليوم داهمتني نوبه بكاء مكان وقت غلط جدا ماقدرت امسك نفسي 
1,شعور انك وحيده كثروا الي حولك شين شين شين
1,احيانا يكون الموت الطريق الوحيد لهروب هموم الحياه تعتصرني فيارب عجل قضائك فاني اشتاق الي راحه ابديه تعبت
1,انا مكسوره واعتذر تظاهري بالقوه 
1,احيانا نريد نهايه سعيده لامر  نريد نهايه فقط 
2, اذا شفتك مقبله ترد روحي - ياه  يابعد روحي احس سعيده سعيده ياعمق الي قالته 
2,علي انه نومي صاير متقطع مبسوطه اني اكون صاحيه الصباح
1,لين ذحين محد قادر يفهمني النوم 
1,ناس فاهمين ان انتهاء العلاقات لازم تحول لانتقامات  ومشاكل وفضائح ي روحي مو فرصه سعيده وايام حلوه وانتهت 
1,نفسي مسدوده لحياه حرفيا
1,طبيعي ان مالي خلق شي لدرجه اني كاره نفسي و الناس 
1,اكره اهلي احس هدفهم بالحياه ان يسودون حياتي و يخلوني انسان زباله و كئيب و متشائم و متخلف نفسهم
2,يارب الطف بقلب صاحبتي ️
1,كاره البيت - كاره الدراسه - كاره نفسي
1,محد يناسبني محد يفهمني
2,الدنيا مسويه نفسها حلوه وانا مسوي نفسي مستانس وكل واحد يمشي ع الثاني
2,احبني
2,ادري مره اذيت اشخاص احبهم  فعلا محد يفهمني يعرف قصدي ادري الخل فيني تعبيري 
1,ده حبيبي عرفين يعني ايه حبيبي  يعني الدنيا عنيا واغلي الناس عليا 
1,واله الاحتكاك بالبشر صعب ابغا ارجع وحيده زي قبل 
2,احب اطلب اهلي مليون مره ياخي ابغي جوال خلاص مرا صاير يعلق
1,احتاج انعزل لحالي اي مكان وبعيد شيء لفتره 
2,الصدق احب اذا اهلي كلهم سافرو وبقيت لحالي البيت مره وناسه
2,ورضيت اعيشلك انت ياحبيبي كفايه ان انت حبيبي 
1,يارب بكرا يكون يوم حلو ويسعدني ️
2,ملاوع الهوي والخيبات تخليك شخص عقلاني بزياده 
2,انت مش صاحبي انت اخويا
1,روحي بقربها سعيده
1,وغدا ستنبت جبين الافق نجمات جديده وغدا ستورق ليالي الحزن ايام سعيده ️- فاروق جويده 
1,ليه محد يفهمني صح
1,اعوذ باله الايام كاره حياتي بشكل طبيعي 
1,ليش محد يكلمني بدا يضايقني الموضوع
1,انا حقيقي احتاج الا استشاري نفسيه اتكلم معاه لانو محد سار يفهمني عاد اقدر افضفض لاحد
1,انوم عشان م احس بالعبره ويصير نومي متقطع واصحي والقا العبره خانقتني زياده 
2,يكتمل يومي الا بقلوب راقيه اود ان اهمس انتم روعه المساء مساء هاديء و انفاس تحمل تفائل و يقين بان سيكتبه اله يوم خير 
2,محد متحمس لاحد كثري 
1,شكثر انا مكسوره جوا ياربي 
1,فقدت الثقه بالجميع بعدما فقدتها نفسي 
2,صديقتي  انتي نصفي الثاني و توام روحي 
1,احس مجتاجه احد افضفض محد يفهمني 
2,روحي اليوم سعيده  الحمدله ️
1,انا تعبت الحياه الدراسيه والاجتماعيه وكل شي
2,الاب كالماء اينما يزخ يروي و يحي عز كعز الاب حب حب الاب  الهم احفظ ابوي حبيبي و سندي و قوتي ️
1,اني فعليا تعبت شي حولي 
2,الهم استودعتك نفسي واهلي احب اجعلنا ودائعك ودائع اله لاتضيع 
1,جالسه امر بفتره صعبه فتره احتاج الناس الي حولي لاسف احد متفهم هالشي
1,انا بحاجه شيء يغذي الروح لان حاسه ان روحي باهته وذبلانه
2,غباء منك ان تكون حزين بسب شخص يعيش حياته بكل سعاده 
1,معد صار ضروري وجود اي احد بحياتي تعودت ازعل اكتم وافرح برضوا اكتم زعلي صار مهم احد وحتي سعادتي معد تهم احد 
2,حافظ النعم  احفظ اهلي احب ️
2,احكي بهمسك حبيبي توها تغفي جروحي 
1,الحياه مرهقه جدا
1,الي صار تغير شي واحد اني صرت معد ابغا انهي حياتي بنفسي صرت انتظرها تنهيني
2,ترا عادي مو لازم تردون ع تغريدات الناس  شوي يقولون غردو عدل وغردو عدل طيب مين قايل ان عندنا سوالف عدله 
1,صار و كان ابقي وحيد علي كثر الي حولي بسب محد يفهمني 
2,احبه الادمي راعي فكر ومنطق وماهو متشد مثل البعض
1,ليه محد يحبني
1,الحياه صايره كئيبه بشكل موبطبيعي 
1,بسم ﷲ اول شيء بتكلم الاكتئاب بصفه عامه بعدها راح اتكلم تجربتي  الاكتئاب يجيك فجاه بدون مقدمات بدايته بسيط جدا
2,علي طاري حب العيون اكثر عيون احبها عيونك 
1,احس مافيني طاقه ل شيء حرفيا 
2,الهم امي  يدي الثالثه  معجزتي الاولي  حبيبتي ورفيقتي  الهم امي امي فهو هين 
2,وجه الوم قلبي يوم حبه 
1,وربي التفكير مايفارق بلعن والديه مو قادره انام زي الخلق
1,اموت واعرف انا ليش محد يفهمني
2,انا الوحيده الي دايم اسولف و اكتب اي شي وكذا بعدين اخليها بالمسودات لان ادري ان كلامي وسوالفي محد يهتم
2,مؤلم ان تحزن المكان ابتسمت كثيرا 
2,طال هالبعد هاتوا صاحبتي البعيده 
2,ارهقني القلق والتفكير ياله  يارب ارح بالي
1,الي يعرفني يدعيلي انا بمر بحاله مش طبيعيه و نفسيتي مكسوره جدا  يارب هون 
1,تعبت الحياه وين اروح 
1,حاولت انتحر و الحمدله علي حال
2,سويت كيكه برتقال الخليط حقها ريحته تفتح النفس ماشاءاله ️️ متحمسه لنتيجه اخ ️
2,كلن متحمس لتاريخ         شسالفه وش بيصير علموني بتقوم القيامه 
2,يتعلم يعوم و معاه مشاكل عقليه  ه يلعن ابوك قوه
2,ماهو انا حبيبي  الاماكن كلها مشتاقه 
1,احس كان روحي مات وصارت باهته شي قادر يحيها جديد 
2,مو مهم تكون عاطفي او عقلاني كون انسان 
2,يوم حلو حيل واله 
2,اذا تقدر علي المطلوب بادر 
2,روحي سعيده بقربك ️
2,يرب بكره يكون يوم حلو زي حلاوه ضحكتها
2,احس اليوم فعلا انا حياه فسالفه الاكل  قهوه ودونات الصباح  وشاي قبل شوي الحمد والشكر احبني وانا اتعيجز اطبخ شي لحالي ️️
1,واله اني استاهل اشياء حلوه بحياتي الدنيا مادري شفيها علي 
1,ليش احس اني تعبت الحياه وكانها عادت تعني
2,الهم قلبها لايمسه ضر ولاتبكي عينها علمي يارب شي الا ضيقه صاحبتي يارب 
1,انا شخص وحيد كنت طفله حتي علاقاتي الاسريه كانت سيئه ماكنت احس احد يفهمني او يتفهم
1,اكره الجامعه اكره الدوام اكره بنات جامعتي بكي الضغط بكي
1,احتاج انعزل العالم كله 
2,حياتي بكبرها ضايعه وقفت علي كتب  ه
1,اكره كون محد يفهمني
1,طريقه سكوتي مخيفه احس روحي باهته ومنطفئه ومافي اي شيء قادر يبسطني ابغا اكون بعيده البعد العالم السخيف
1,صار اسبوعين مو قادره انام العصر انام باليل الا ساعه
2,ودي اقول ان قلبي تعلق بقلبه ودي اصارحه واقوله اني حيل احبه 
1,ليه الحياه مو عادله 
2,اي الشوطه دي انا ضحكت 
2,الدنيا مش حلوه حكيك حبيبي 
1,حاسه ان روحي باهته ونفسيتي حاله تدهور 
1,واله تعبت الحياه
1,احس تكلمت محد راح يفهمني عشان دايم اسكت علي الي مضايقني وانام 
1,انا تقتلني الوحده و يجتاحني المل و تعبث الذكريات 
1,مرهقه جدا جسديا فقط  ايضا شيء بداخلي اكاد افهمه رباه اسالك الراحه ل قلب اتعبه مايحدث 
2,عندي ايمان تام قبل اجرب قهوه ارابيكا ان الي بالكويت احسن بواجد وفعلا طلع صح
2,غيابك هزني برياح حزينه قربك فيني برياح سعيده
2,احب مجالسه الاشخاص يتركوني حاله دفاع دائمه  ادافع افكاري  ادافع مقاصدي  ادافع نفسي  ادافع احب  ادافع حقي 
2,التفت لمن يبقي مستيقظا بجانبك ' شخص يتاكد انك ابتسمت اليوم  شخص يبذل جهدا اجلك يحدثك بالكلام بالفعل 
1,واله مدري شقول اني تعبت الحياه الي
2,احب قرب ٓ ك احب وقتي فيك 
1,احبه حيل تهقون يحبني ربع هالحيل 
2,بصيح مره سولفت وحده و جلست تقول ان ابوي راح الشركه قمت ضحكت و قلت جاسم باق الشركه  قالت ايش  قلت امزح قالت لحظه ايش قصدك و مين جاسم 
2,روحي سعيده معك
2,قاعد اسوي اشياء حلوه بحياتي عشان تدور الدنيا وترجع شكلها الدنيا لفت سيده
2,توام الروح ‌ فرح روحي
1,سئمت الحياه بكل وعافرت بكل اوتيت قوه الا اني تعبت وتعبت وتعبت يارب فرجا قريب او لقاء قريب 
1,اقول اشرح يطلع الغلط مني بدون محد يفهمني 
2,الهم تجعل ابتلائي ديني جسدي اهلي مالي احب وارضي عني يارب
2,احبها  والشاهد اله
1,اه قايز احس فيني كتمه بقلبي احتاج اني اطلع العالم بسرعه الشي الي احس مره صعب ماينوصف 
1,انا تعبت شي تعبت الحياه
1,الهم جبرا ل قلب صاحبي يتعجب اهل الارض والسماء
2,يارب تفهم اني احبها
2,جماعه شوفو حل ايش الفك الموطبيعي صبر الارض
1,بطبعي اعشق الصمت  بداخلي لغه لايفهمها الا احبني بصدق 
2,قلبي الي تزاعلنا  ماذيني مايعذره جرب شعور الوحده عاد تدري فراقك وش مسوي فيني كان واله تفارقني دقيقه وحده 
1,كانت امنيتي يكون عندي اصدقاء زالت الوحده تقتلني 
2,مختلف الجميع لذلك احبه 
1,لماذا اصبح الفرح علي لعنه 
2,استطيع التوقف الاحساس باني مجرد  خطا 
2,اله يبيض وجه الايام ياسعود خلتني اعرف صاحبي عدوي
1,اكره انضغط الدوام و انضغط برا الدوام ابا ابكي
2,صعب تلاقي انسان عقلاني ملهوش تجارب سابقه  فالقوه كسر داخلي تجسد ع هيئه غضب 
1,ايش الحياه دوام لدوام لنوم لدوام لدوام لنوم لدوام لدوام وربي تعبت 
1,تعبت هالضيقات الغريبه واسلوب الحياه الي اعيشها الماضي وتاثيره وتقلبات مزاجي واخاف المستقبل تعبت شخصيتي هالرهاب شي 
1,فعليا جالسه افكر انهي حياتي
1,لقد ارهقني القلق حتي اعتدت 
1,الحياه مو عادله معي لدرجه ودي اموت
1,الي يقنعني ان يوم السبت حلو الي يبي 
1,وشلون ابضحك دام قلبي منجرح ليه اتصنع و الهموم مسامره اذكر اني ابتسمت الفرح ابتسم صورتني الكامره
1,حدي منبوذه محد يكلمني ولحد يسولف وياي و ولحد يسالني احوالي 
1,احب افضفض لنفسي لانه محد يفهمني كثري 
2,حلوه الدنيا تجيب نا حابين قربك بصدق 
2,يلا معليه الدنيا حلوه 
2,الناس الطبيعيه تبي تخلص دوامها و ترجع بيوتها ترتاح الا انا اكره وقت الدوام يخلص و اكره ارجع البيت بسب امي
1,بعدما عاهدت نفسي عهدا بالا اخوض الحب مجدا كلفني الامر وتكلفت  ابتسمت  وكل ماقيل بدايه الجمله الغي
1,الهم احفظ وجود امي وابوي احب وان طال الدعاء الهم اهلي بكل يوم 
1,انا باخد مضادات اكتئاب و حاولت انتحر
2,نفسي الاقي احد اطلعلو الي فقلبي و يفهمني محد يفهمني فلحياه دي محد 
2,بكره يارب يصير يوم حلو ️
1,المقيمون طويلا يسلبون مقاعدنا  يحولون اثاث بيوتنا الي قطع منهم  بحيث نجلس  اذا جلسنا  علي ضلوعهم  علي عظامهم وديع سعاده 
2,احبك  اعطيك قلبي  تحبيني  قولي احبك
2,احب شيئا العالم الكئيب بقدر احبت شعور الطمانينه يهديني اياه قربك
2,ربي ان مسافر احبه دقات قلبي الهم اني استودعك اياه ف احفظه بعينك تنام ♡
2,يوم تخيلتك امتلت دنياي غيوم و ابتسمت وصارت الدنيا مطر 
2,مو طبيعي وش كثر ذمعت كلام ايمان 
1,مستحيل احس الولاء لاي شخص بوقت حزني محد يفهمني ومالي خلق اشرح اله يخلي نفسي الي تواسيني
1,تعبت معاركه الحياه واله تعبت 
2,لقد اخذ يناير اخذ امل ان يكون فبراير سعيد لوطني والعالم اجمع
1,يزعلني الاوسيدي و تراضيني افكاري الانتحاريه
1,صاحبي غيبتگ قمت احسب انهه اليوم اسبوع 
1,واله اكره شعور النفسيه الفجائيه الي تخليني ماكمل قهوتي الي ابكي فجاه بدون سب
2,واني يارب وليتك مافي قلبي
2,ان الاب كالماء اينما يزخ يروي و يحي عز كعز الاب حب حب الاب الهم احفظ ابي حبيبي و سندي و قوتي 
1,احس ان اليوم متعب ومرهق
1,انا خايفه يجي يوم محد يفهمني فعلا
2,حبيبي اه بعدك طوتني جمره النسيان 
1,حاولت انتحر و ماقدرت قلبي طاوعني 
2,الو هاي حبيبي البارحه شلونك 
2,احس قلبي عندها وقلبها عندي
2,بليز اتخلوني اعصب احبني و انا امعصبه ️
2,تساؤل اليله وكل ليله فعلا احبني 
2,انا حبيبي بسمته تخجل الضي
2,يعني انا بكسل ارد ع قرايبي بيطمنوا عليا تفتكر تبعتلي رساله طويله عريضه تعاتبني بيها هرد بحاجه اسف واريح دماغي 
1,تجيك نوبه بكاء وتحس انك عديم فائده مادري ليه الاحاسيس احس تعبت نفسيتي
1,احتاج سنه انعزل العالم 
1,باقي انتحر و انهي حياتي 
1,دائما اتاكد اني انسانه غريبه لدرجه محد صار يفهمني اطمح ان احد يفهمني ويسوي يعرفني لان دايم ابين عكس الي احس
2,احب اختي الصغيره مره وربي الحسنه الوحيده اهلي
1,يارب عدي هالشهور علي خير احس خلاص مافيني طاقه 
1,حاولت انتحر اكتر مره كنت مره بخاف علي حزن اهلي و ان مكن اكون سب تعاستهم
1,نكره التقليد حتي كنتي صاحبتي نسمحلكش بالشي
2,اذا ابتسمت الكون معك يتبسم
2,يوم كروي جميل 
2,يوم يزيد يقيني انه معرف اتعامل الاطفال 
2,مقصودتي و قصيدتي حبيبتي و اشعاري
1,باقي يوم علي صار شي حلو فهالتاريخ اعرفكم تعرفوني 
1,ليش دايم انا نفسيه عندي حياه صدق محد يهتم 
2,يارب تعدي الفتره بخيرها وشرها علي خير 
1,بعطيكي قلبي الثاني الاول راح بعيد 
1,ربما تهديني حياتي قصه رائعه نهايه سعيده لكني لازلت اشعر الافق قدر جميل مختبئ اعرفه
2,يكتب تقارير الغلا وقت الاشراق وعند المسا يعطيك باقي كشوفه جامع حنيه الكون باخلاق معذور قلبي يضمك بجوفه
2,جين الشيف المحترف ه بنتحر يضحكني و ثقته الزايده 
1,تعبت كثر التفكير ارهقني القلق
2,طحت بهواها توي  اتعب و اقول جوي  غصبا علي احبها شسوي ️
2,الهم اني استودعتك اعز علي نفسي  الهم احفظ اهلي احب بعينك تنام ️
2,انتي عظيمه داخلي اختي حبيبتي تؤام روحي صديقتي وطني الحياه 
2,يوم بدايته حلو الصوني يخربوه عيال اختك وشحن لابتوب راح وسيارتك ياخذها باتك ويطلع بيها 
2,حبيبتي  و ملهمتي  و اصحابي  و الحياه ️
2,انا اول المقصرين  لكني احب القرب منك اله تحرمني قربك طاعتك 
2,نزار قباني استسلامه اعترف بحبه وقال  عمياء انت الم تري قلبي تجمع عيوني 
1,ماعنذي طاقه احافظ علي علاقات قديمه او اكون علاقات جديده فيعني بهرب لوحدي كده دايما قلت مبسوطه بقولك ايوه علشان انا مش قادره اتكلم
2,مافهم صراحه  دقايق نايمه وبعدين واله صارت امنيه بحياتي ان نومي مايكون متقطع يع
1,“ تعبت الحياه بلا حياه  و تعبت صمتي  و صوتي ”
1,القلق ارهقني الهم ارحم ضعفي وقله حيلتي ودبرتي
2,احب نوني ونوني حبيبتي ونوني تاج راسكم واي احد يزعلها زق وابن زق
1,نومي متقطع هالايام وفوق مانمت الا ثلاث ساعات وصحيت مصدعه ابغي اقتل نفسي
1,انا اعيش فتره محد صار يفهمني نهائيا الداخل
2,ابي قربك وابيك بدنيتي تبقي 
1,المشكله محد صار يفهمني
2,اتوقع انا الوحيد الي متحمس لدوام بكره
1,يع ليش محد يفهمني ليش مستصغرين حزني
2,انا سجلت الترم ده ف جروب   ويارب اكون سعيد معاكم 
1,لماذا اشعر بان روحي باهته جدا وبمرور يوم والاخر يزداد البهت 
2,متفائله بكرا احس حيكون يوم مرا حلو
2,محاولتك لمنع احد الرحيل مرهقه جدا
2,انت النعمه العظيمه الي مايوصفك كلام ويعجز وصفك شعور الطف حظوظي انك تؤام روحي 
1,انا مكسوره داخل
1,ثاني مره حاولت انتحر بمسدس خفت اموت طلقه وحده
2,انا حبيبي نور المدينه '
2,قربك يصنع جوف الحزن فرحه
2,يع القلق مسيطر علي
2,المدرسه مو حلوه ايمان
2,قلت قربك عافيه توعدني تغيب 
2,وانت قربك سعاده وانت بعدك عذاب 
2,نصيحه  خلي دائما عندك ايمان وامل عشان ايمان تركتك امل تسندك 
2,صاحبي الاحب ورضي روحي ️
2,مفيش سكوت وضلمه جوا روحي
1,تعبت و انا محد يفهمني
1,ابي اموت وانا وحيده
2,ومره ثانيه  كرهت وحده الاغاني الي كنت احبها بسبها 
1,ليش نومي كله متقطع ️ خاطري انام نومه حقيقيه متواصله بدون اقعد اطعش مليون مره 
1,سعيده 
2,احبه مالي علي وصله قوايا واحبه تبطي الايام عني
1,احس قلبي حزين وابي ابكي وكل بدون سب 
1,ياريت الدنيا حلوه متل ضحكتك 
2,الهم اني اعوذ ان اكسر او اكسر او اخذل او اخذل او اصاب بخيبه فاحزن  الهم اني استودعتك قلبي وليتك شعوري وامري فانت الطف 
1,محد يفهمني حزين ورب البيت
1,عندي اعتراف انا مرتين حاولت انتحر
2,التعليق عرفت وش كثر النهار طويل  كثر الغفوات الي اخذها 
2,غيب اله وجهك الي احبه 
1,احب الانعزال واخشي ان ابقي وحيده 
2,علي اني غلطانه برت لنفسي وتكلمت وقلت كلام وابعدت جميع الشكوك عني واحب اقول اني احبني كثير ️
1,ليش محد يجبني  ليش كلهم يكرهوني  ليش حياتي زق  متي بصبر  متي بعيش نفس الاوادم  متي بيتهدل وضعي  خلاص لاعت جبدي  متي اموت 
2,احتاج طاقه ايجابيه اني بداوم بكرا 
1,احسني جايه كوكب ثاني محد يفهمني افهم احد افهمني
1,الدنيا سوداء بعيني بشكل مب قادره اتحمله
2,ماني حبيبه لكني بالحيل احبه
2,انا ادري اني بقلبها وحدي علشان احبها اكثر 
2,ي جماعه البلايلي يسوي شي يشوف الباب يصير سعيد المولد ايش 
1,مسدوده نفسي حاجه لدرجه بيدي تنفست حتي 
1,الاشياء الي احبها صارت تافه
1,واله اقدر انهي حياتي كان سويتها زمان
2,قلبي رهيف
2,كالعاده نومي متقطع 
1,امر بفتره صعبه جدا وهالفتره تعبتني كثير
2,اتبسطت امبارح فشخ لمجرد اني شفت اصحابي بتوع الدعوه  عاوزين نعمل يوم يجدعان كلنا كدا اي مكان واله هيبقي يوم حلو 
1,الشعور الي احسه والرغبه الي تداهمني عشان انهي حياتي فجاه اسوء شي مكن يمر علي بشر
2,روحي سعيده سعيده جدا ️
2,بالنسبه لتاجيل الافراح اجل كورونا  شي عقلاني يرضي الخالق العباد
1,يارب اتخلص مزاجي السيء باسرع وقت قبل افقد باقي علاقاتي بسبه
1,انا حاولت انتحر وانا صغيره ليه مامت وافتكيت 
1,وربي بعدها وانا حالتي سيء الي اسوء اوقاتها وحتي قبلها ب اسبوع وبعدها يوم اكره نفسي وحياتي وابي اقتلني
2,طاقه ايجابيه 
1,فيني ضيقه مو طبيعي 
2,روحي سعيده بهالصباح وجدا ️
1,القلق والحرقان اكثر شعور مسيطر علي
1,ذبحني الارق صدق مو قادره انام هالايام اقسم باله عذاب
1,قلبي يعد يتحمل  تعبت اله وضاق صدري وسئمت الحياه  فادعوك ان تاخدني بجوارك لان الدنيا اصبح قلوب حجار
2,متحمس لمعرض الرياض لكتاب جدا 
1,لايك انك مو متحمس لديربي وتدري انه بالاخير رح ينتهي تعادل سلبي
1,انا مكسوره ومافي شي بالدنيا يرجعني زي كنت 
1,متي اموت وارتاح وترتاحون مني
1,نعيد ونقول  الحياه مو عادله 
2,محب القهوه العربيه متي يفهمون قرايبي 
2,اتيت فكري ابتسمت ادراك وابكي 
1,افهم الناس محد يفهمني 
1,احس كاره شي حتي نفسي واله
1,احس اني محبطه و مافيني طاقه اداوم مره
2,حلو اول يوم دروس دا لطيف ماعنديش درس
1,هالفتره احس مافيني طاقه اسولف اي شخص كان 
1,رب انهي حياتي وفكني قرف هالحياه 
1,امي الفتره دي كانت بتضايقني اوي كانت تشوفني منعزله تقولي بومه كئيبه و اني بمثل ليه كانت بتعمل كده
1,فرحتي قربك وانتهي الكلام
2,اسوء لاعب توصيل الكور البلايلي والشيخ المقهوي يهون سعيد المولد
1,خلال تجربتي بانواع المسكنات وحتي بالجرعات العاليه كانت تؤثر علي شخصي يعني كانت تحكم بالالم
2,انت حبيبي وسندي 
1,تعبت التفكير شيئ شعوري بالياس تراكم الامنيات والاحلام تعبت التصرف بالسعاده تعبت الحياه ايضا 
2,الاهتمام نصف السعاده كلها سعاده ابدا الحب اهتمام 
1,يمكن كلامي بيتاخد بهزار عندهم عرفوا كميه المرات الي حاولت انتحر هيجيلهم ذبحه صدريه
2,وانا اقول حب صاحبي فاق روحي ️
1,اكتشفت موهبتي واخيرا واتمني تاخذونها علي محمل الجد هالمره اعرف ابكي نفسي واله جد اعرف ابكيني بدون سب عظيمه يانا 
2,طاقه ايجابيه
2,واني اعشقك لحد يجعلني اعتقد وبكل ثقه اني ومعك اكثر اهل الارض سعاده واجملهم حظا 
2,اتمني يبقي يوم حلو بفوز الاهلي والريال يارب
2,لحد يقرب حتي تفرقنا  حبيبي حتي بالفرقي ️️
1,تعبت شي يصير الفتره يمديني اختفي الحياه وافتك
2,كان يوم حلو وتغير
2,الدنيا حلوه مثل قلب ابوي 
2,اكثر ناس يضحكوني الي فالريكوست مسجز احسهم ٠
1,الحياه ابدا مو عادله 
2,انا حدا ظاهريا ضحك ومزح بالوقت الي اي حد بيحتاج راي بموضوع او نتناقش باي موضوع وبوقت الجد راح تلاقيني حدا عقلاني جدا وعميق جدا
1,نفسيتي تعبانه لدرجه ودي ابعد العالم بكبره وارتاح تعبت ظروف الحياه جدا 
2,المستحيل اجراء حوار عقلاني حول المعتقدات والمفاهيم شخص ورثها ولم يكتسبها طريق العقل 
2,الدنيا حلوه واحلي سنين لاتخربها بتجربتك ياسخيف
2,سؤال ليش انا احبني
2,لماذا تاخر العلماء الوقت اختراع جهاز لكشف انعدام الضمائر الانسانيه لدي البعض 
2,الكل يفتقد النسخه القديمه نفسه رغم انها كانت اضعف واقل نضجا واكثر غباءا  ولكنها كانت اكثر سعاده وراحه
2,يارب اشفي جدتي حبيبتي و افرحنا بصحتها وعافيتها  الهم اني استودعتك اياها ف احفظها بعينك تنام ️
2,الحياه مو عادله عمرها بتكون عادله 
2,ماشي وانا واحد صاحبي امبارح وسط البلد وكان كابل الناس بتفرج جماله قربت لقيتهم يتخطو اولي ثانوي 
2,سعيده و روحي مبتهجه وايامي تلونت 
1,عايزه انهي حياتي خلاص كده واله
2,يوم تقدر تفطر برواقه يوم جميل 
1,احس مافيني اي طاقه عشان اتحمل اي مصيبه او اي خيبه بتصير
1,تقتلني الوحده رفاق 
1,حسيت عم تقتلني الوحده 
1,بجد بجد انا فعلا مكتئب و حاس بالسواد و نفسي انهي المعاناه ديه اكتر اي وقت حياتي
2,الدكتور بيقول عايزين نحسب التيارات الي الدايره قلتله عنيا هحسبلك تيارات ودبابات ه
1,واله ماقد ثبت موضوع فبالي فتره طويله الا اني انتحر وهذا اكثر شيء مو قادره اترد عنه حاولت
2,يارب يوم حلو وخفيف 
2,راح يحبك قلب مثل قلبي تاكد
1,يبق ابتسامتك الجميله تمسك فكرت بان انهي حياتي
1,قاعده امر بفتره صعبه ومحد حاس
2,والي يتغلي يربط حزام فرقاه رحله بلا رجعه و فرصه سعيده 
1,انا قوه اقنع نفسي واقول الدنيا حلوه ️
1,فيني ضيقه صدر اتكلم مكن انهار حرفيا 
1,حاولت اكون ايجابيه معاك شسوي فيك روح انتحر 
2,يارب يبقي يوم حلو
2,بانتظار ميلاد صاحبتي الاحب روحي ️️️️️️️️️
1,ابي نص طاقه ايجابيه تخليني اشتغل
2,مرات يجيني شعور ابغي افضفض او اعبر اضل اكتم نفسي عشان محد يفهمني خطا او تغير صورته عني
1,الحياه مو عادله ابدا ابدا 
1,يارب الجنه انا تعبت الحياه
1,ليه لهدرجه انا محد قادر يفهمني 
2,احبني يوم انشب ل اداره مدرستي
1,اقدر اخفي حقيقه ان روحي تعبانه اكثر اي شيء ثاني بهالفتره 
2,كلهم يتنمرون علي اني قصيره
1,نوبه بكاء حاده الهم النجاه
1,مو ياس صراحه احس خلاص مالي نصيب ف اي حاجه احبها
1,انا وحده بتعالج الاكتئاب و حاولت انتحر اكتر مره 
2,ايمان حلوه و شطوره واموره و هتقعد تذاكر حديثه انهارده وتخلص
2,صاحبتي المفضله كانت تحسب اني ملحده 
1,اكره فكره ان محد قادر يفهمني او يفهم انا قاعده امر ف ايش 
1,بدون سابق انذار احس ودي ابكي 
2,يارب احفظ تقر عيني بوجودهم جعلتهم سب سعادتي  الهم اني استودعتك اهلي احب فاحفظهم انت خير الحافظين ️
2,انا عندي قرايبي مجانين
1,بصراحه انا مدري ليه اسهر يوم يعني محد فاضي ومحد يكلمني اكلم احد اسوي شيء اكل وارقص بدون هدف
2,الهم حصن عائلتي و اهلي واحبابي احب سوء
1,ابي عزله بعيده الكل حتي جوالي وغرفتي ومكاني وعن البشر احتاج انعزل الكل واكون وحيده ب مكان بعيد كلشي واحضن نفسي وابكي وانام 
1,تعبت اعيش نفس المشاكل ٠ سنه واحس خلاص كاره نفسي وحياتي وكلشي
1,تدورن اني فتره اكون جوعانه مالي نفس اكل واحس تعبت وربي
1,احتاج طاقه ايجابيه حالا بالا
1,ليه محد جالس يفهمني
2,مافيني ضيقه وماني مكتئبه ودي ابكي فيني شعور لسي ماحصلت مسمي
1,اكره احس اني وحيده الناس وهذا الشعور متملكني هالفتره لاسف
2,بيكون هاليوم قائمه الايام السعيده علي قلبي ٰ احس روحي ترفرف وجدا سعيده ️️
2,تلومني ابتسمت وعيني بعينك 
1,احس باحباط سيء وابغا ابكي بكل ياس مافيني طاقه لبكاء
1,اكتشفت ان محد يفهمني ابدا واكتفيت بنفسي محتاج افضفض لاحد 
2,ساعدني قليلا  لاستلقاء علي الرصيف ساعدني فقط يمر الهواء  وديع سعاده
1,تعودت اكتم حزني  واخبيه بيني وبين نفسي  تعودت اسهر اليل واسولف حزني ودمعي
1,يوم طويل ومتعب جميل الحمدله ️
1,تعبت وربي الحياه احس عاد اقدر اكمل يوم زياده
2,الحياه مو عادله لدرجه انك تشوف شخص وتعتبره الشخص المناسب والي تبغي تكمل حياتك معه مايشوفك بنفس الطريقه
1,دايم احس اني وحيده دايم احس فيني نقص دايم احس ان الدنيا كلها متفقه علي عشان تبكيني
1,بالرغم اني حوليا ناس كتير شعور اني لوحدي دايما ملازمني
2,وانتهي دوامي اليوم عمل طويل جدا 
1,طيب  احتاج طاقه ايجابيه ادخل بيها دا الترم وقت ماصحيت وانا اتسدح غرفه لغرفه 
1,لان الحياه مو عادله بتبدا تخسر اشياءك تباعا لبعض 
2,يوم انزلت دمعات عينك و صديت خذتني العزه و قلت  اخذني خذيت حلو النوم مني  و خليت  اسمك علي لساني و صوتك علي اذني 
2, - يدخل النار احد قلبه مثقال حبه خردل ايمان و يدخل الجنه احد قلبه مثقال حبه خردل كبرياء 
1,اكره الحياه ماشيه معي تمام وكلشي بيرفكت فيني ضيقه واحسني ساد يعني ليه ليه  مافيني شي كلشي ماشي تمام ليش الحزن ليش 
1,انا واله اتنمر وانا بسب التنمر حاولت انتحر بالك اجي اتنمر 
1,ليه محد قادر يفهمني ت ع ب ت
1,حقيقي نفسي انهي حياتي
2,قاسيه الفؤاد ترفقت بمتيم لمح الجمال فذابا ضرها انها ابتسمت لهف لرب مبتسم ينال ثوابا
2,صاحي النوم افتكرت ان واحده صاحبتي لسا الصين وانا مطمنتش عليها  صديق علق واله
1,الدنيا مش حلوه حكيك حبيبي 
2,صاحبي شتقت 
2,اني قوه اقنع بنفسي واقول الدنيا حلوه 
1,امر بفتره احتاج شخص يفهمني محد يحس الي بداخلي غيرك انت ياربي 
1,ليه محد يفهمني ليه احس اني شخص وحيد ليه صار كلشي ضدي
1,قبل شوي كنت ابي انهي حياتي و الان مساء الخير
2,قهر ان اغاني الاعترافات حقتي راحت اهداء لشخص اهتم
1,مره احس بسعاده فورا وبنص ضحكتي تجيني كتمه وازعل مره بدون سب وعادي ابكي واصير اتذكر شي سيء بحياتي ونفسيتي تنقلب
1,احتاج طاقه ايجابيه 
1,سعيده علي الانصاف الي يحصله عباس ابراهيم هالفتره
2,الاندفاع المبالغ يحبني احبه 
1,انا الحين عايش بفتره محد عارف يفهمني جوا ابدا حتي انا كمان مب فاهمني
2,ياحافظ النعم احفظ اهلي احب 
2,﮼  انك   اكثر  الاوطان  امنا  مادمت   قلبي 
1,ليه رغم الناس يلي حوليني محد قادر يفهمني 
2,يكتمل ايمان العبد حتي يكون اله ورسوله احب اليه نفسه واهله وماله والناس اجمعين 
2,حتي حاولت انتحر فشلت اكيد العيب فيا 
2,الاحساس الداخلي حولك يصدق ويغلب مايتظاهرون واحساسي رائع جدا
1,اعترف اني حاولت انتحر و فشلت 
2,معلش جماعه تعالوا علي نفسكوا و استحموا علشان الريحه تقرف
1,قاعده اسوي اشياء حلوه بحياتي عشان الدنيا تدور وترجع شكلها مطوله
2,الهم سندي وقوتي وطني وموطني حبيبي وكل حياتي  الهم ابي ومادون فهو هين 
2,صاحبي رفيق العمر  ضي بغياب القمر ️️
1,الفتره دي احتاج انعزل الناس واجلس نفسي 
2,هالفتره اكثر فتره صايره احب افضفض وانا احب افضفض محد يفهمني
2,امبارح كان يوم جميل جميل 
1,حياتي واقفه ماني قادره اكمل انا قادره ارجع حرفيا حاسه بضياع  يارب ثبت قلبي ع القرار الصح احس بشعور الندم مرا ثانيه 
2,انسانه توها تصحي ه
1,باي حق بنت بعمري تفكر بالموت  لاي درجه وصلت حتي انهي حياتي
2,حبيبي ياحبيبي  كتبت اسمك علي صوتي  كتبته جدار الوقت علي لون السما الهادي 
2,ربي اسعدني سعاده يعقبها حزن 
1,مالقيت شي ابكي وقرت ابكي بدون سب حتي وقت دموعي خرا
1,الحين العالم الي بالكره الارضيه محد يفهمني ايش 
1,انا عمري ضمنت وجود حد ف حياتي انا دايما بصحي الاقي نفسي لوحدي اي سب 
1,اكتم زعلي لان عارفه محد راح يفهمني
1,اني مابتكلم مره ثانيه لان محد يفهمني وشكرا
2,اغنيه احبها شيء يخصك
1,حتي الفرح صاحبي صار امنيات 
1,يارب فيني ضيقه اتعبتني وابكتني الهم ارح قلبي
2,سنرزق  سنسعد  سنسي و سنعوض بکل ماهو جميل يوم 
1,الاسبوع طوله احسه سنه مو طبيعي الموضوع
1,بهالدنيا محد صار يفهمني 
2,تحت احبه عشر خطوط 
2,القلق ارهقني
1,اوعد عيوني تغيب اوعد شعوري تسكنه اوعد مكاني والزمن قلبي ابد ترك ️
1,احس تعبت شوي متطلبات الحياه
2, المستحيل اجراء حوار عقلاني حول المعتقدات والمفاهيم شخص ورثها ولم يكتسبها طريق العقل - كارلوس ثافون
1,بسرعه احتاج طاقه ايجابيه بسرعه بسرعه
2,يوم عرفتك توسطت بقلبي وانا كلي رضا هالحياه عظيم الحب الي بقلبي  قريت لدرجه كلام حلو احسه ا نكتب 
1,ابغا انهي حياتي الحين
1,مشكلتي انه مافي مشكله مشكله  ويمكن محد يفهمني انا اسفه 
1,حاولت انتحر ماقدرت  ايش انا ضعيفه
1,انا مستعده انهي حياتي باقرب فرصه
2,مرهقه بدايه اليله 
2,تسامحني علي شيء وتقعد تذكرني شوي  خلك زعلان احسن 
1,احس اني ابغي انهي حياتي ان شي ماشي تمام وحلو انا احس فكره الموت فكره سعيده وحلوه وفيها كميه راحه
2,انت شابه ناضجه ي ايمان دا هري وفاكس ليهم هتزعلي هري  انت شابه ناضجه 
2,بقي يوم علي        لو مايصيرلي شيء حلو بذا التاريخ اعرفكم تعرفوني
2,اسحب سعيد واعطيني غريب
2,الحين امي ليش تعصب يوم اتم بروحي ف الغرفه وقافله الباب  تحسني اني ادخل حبيبي المكيف
2,امس نمت وانا اشوف المسلسل ولابسه سماعاتي صحيت حسيت اني بعالم ثاني اقسم باله كاني بالمسلسل نفسه واله ضحكت
2,تلق بنظره عاجله فحسب علي الاشياء  اسمح لنفسك بمتسع الوقت  تفكر مليا 
2,صاحبتي تقول سريري يجيب النوم قالتها نامت 
2,اقول اشرح يطلع الغلط مني بدون محد يفهمني 
1,وش هالحياه القاسيه محد يحبني 
2,مكسله انزل اي مشوار حرفيا و مستقبلي بيضيع اهو و انا قمه البرود و التناحه 
2,احب غيره حبيبتي
1,روحي باهته جدا جدا لدرجه مو قادره احس بشيء لافرح حزن
2,انا احب الهند وكثير واكره شخص مكن يستهزيء فيهم او يقل قيمتهم او حتي يهينهم علطول مابمسك نفسي اذا شفته 
2,وقعت بغرام دكتوره ايمان ️
1,ربي اني ارهقني التفكير  الهم اني اعوذ كثره التفكير و القلق الهم ارزقني راحه البال وارح قلبي انت اعلم
2,احبني يوم استغبي
2,لمت حضنها وريحه عطرها ونظره عيونها ومسكه يدها اليوم بمثابه امتلاكي لعالم لعده ثواني احس روحي جدا سعيده 
1,مستحيل محد يفهمني 
2,ملاوع الهوي والخيبات تخليك شخص  عقلاني بزياده 
1,انا اعاني لان محد قادر يفهمني وحتي نفسي مو فاهمتها
1,اخطيت حق قلبي 
2,سابقي بانتظار يوم جميل صنعته مخيلتي 
1,الهم مايتمناه قلبي  اجعله واقعا 
1,وحيده بكل معني حروف الكلمه 
1,احب اشوفك بخير عفت قربك 
1,روحي تعبانه لدرجه مو لاقيه كلمه وحده توصف حجم التعب الي احسه
2,تلقاه كاتب انا انسان عقلاني  ع اساس نحنا انفكروا بالاصبع الكبير
1,بنيتك حب قلبي حظرتك تهدم 
1,الحاجات ال بتحصل حواليا بتحسني اني عايزه انهي حياتي
2,عندي الشخص الي اسميه  بهجه روحي  سعيده الي درجه تنوصف 
2,هشتاق روعه جدا
1,احتاج انعزل البشريه
2,احب احساسي بكل شي  احسه صادق جدا بزمن مزيف  اشوف احد نفسي  مو غرور انا
1,ليش ناس ضدي ليش محد يفهمني اله يلعنهم وحده وحده يارب
2,عطوني اغاني لماجد احس صايره احبه مره
2,روحي سعيده 
2,سندي معاريفي و طيب ظنوني و ابعدي شبحي ليا قربت شبوح الهين 
1,ياخ يع ازعل و اتضايق انا و محد يفهمني
1,احتاج انعزل شيء بالمده ماعرف 
1,يبي قربك م تعذر ب الظروف 
2,مبسوطه هالسنه وانا مره احبني
2,احبني وكثير واله ياربي الحمداله اني مها ️
2,ي قرايبي سيبوني فحالي شويه عايزه اتنفس 
2,اخوي مادري شفيه متحمس قاعد يحن يبي يروح المكتبه اليوم 
2,اصلا مو مهم اذا تكرهني المهم انا احبها
1,حول راسي الضيق حول 
2,الموضوع يحتاج الي حكمه وقرار عقلاني حفاظا علي الجميع لانه يجب 
2,احد يستطيع فك شفره دموع الانثي الا رجلا احبها بصدق 
1,انا حزين علي نفسي وعلي حالي وعلي الي بيحصلي اول السنه ديه انا مش عاوز اكمل الحياه ديه بجد مش عاوز اكملها واله انا تعبت 
1,مجتمعي يتنمر علي الشخص حي و اذا مات يوقف تنمر و يتنمرون علي الاشخاص الي يتنمرون علي الميتين الي كانوا كلهم يتنمرون عليهم
2,الهم انر قبر حبيبتي واجعل ملائكه الرحمه يطوفون عليها جانب
2,سابقي بانتظار يوم جميل رسمته خيالي 
2,يوم انزلت دمعات عينك وصديت خذتني العزه قلت اخذني خذيت حلو النوم مني  وخليت اسمك علي لساني وصوتك علي اذني
1,احتاج انعزل كلشي هالفتره واغير حساباتي 
2,روحي سعيده سعيده الحمدله ياربي ️️️️️
1,حاولت مرات كثيره انتحر و جرحت نفسي كثير بكل مره اكون اقوي بكل مره اكون اذكي و افضل ناس كثيره تكرهني
2,ليه اغلبكم متحمس حق تاريخ بكرا 
1,محد راضي يفهمني وانا اعرف اوصل الي ابيه صح
1,يوم شفت قلبك تغير وابتعد عني عافت العين قربك وانت غاليها 
2,لحول الي يقربولي ينبشون وراي بزياده لاعت جبدي منهم
1,الزمن صاحبي كله اهوال يهدي البسمه و يرجع يبكيك
1,واله حزن شوق حنين ضيقه جالسه تغير فيني مادري انا ماعندي قلب قلبي صار قاسي كثر اتضايق ماصرت احس 
2,كن حبيبي او كن صديقي او الاثنين معا 
1,احد يقتلني  تعبت الحياه 
1,السنين الطويله احبت او احبني اخرون  تستطع اي عاطفه ان تلغي حاجتي لبقاء وحيده  لرحيل شيء نهايه المطاف
2,باسمك ربي حصنت اهلي احب ان يصيبهم اذي فيصيبني اضعافه
1,جميل يكون اليوم يوم ميلادك احد يعبرك 
1,لابد محد يفهمني
2,روحي جدا سعيده بشوفته
2,اه انا جدا سعيده لاني قاعده اجهز هالشي الحلو ️️️️️️️️️️
2,مره اكره اتكلم بالريل واحب اكون ساكته اغلب الاوقات ليش  لان محد يفهمني
2,هاي معكم ايمان حابه اصير مغنيه صوتي مو مساعد
1,موجع شعور التبلد نوبه بكاء 
1,انا مونفسيه انا مكسوره
1,انا مكسوره داخل صعب افسر احزاني 
2,ماشاء اله اغلب الي باقي غياب واحد وبعدين حرمان  اله يعينكم ه
2,اصعب شعور اكتم شي بقلبي افضفض شخص لانه تعودت علي الطبع 
1,انا مطفئه  مكسوره  مكتابه
2,المشاعر تغير شوي شوي الوقت والافعال 
1,الكل متحمس لبكرا الا انا عارفه ايامي اخنث الي بعدها
1,واحد صاحبي رايح ل ابوه بيقوله بابا انا بقيت ملحد  ابوه قالو ملحد ملحد المهم تصلي او مصليتش هركبك 
2,عارف الي 'ياريتني ماتكلمت مكنت قاعد وساكت وكانت الدنيا حلوه لازم اتكلم يعني وندخل ف نقاش ملوش لازمه 
2,يعني بطبخ طبخ كلابي كده
2,انا عندي استعداد افلت يديني وامشي عكس رغبه قلبي حاله ان الحال ماينطاق
1,ياناس محد يحبني محد يحبني وش انا مجروحه لاصاحب لاصديق وافي واشكيله لاحبيب يسوا اوفيله ياجرح روحي لمحد يشيله
2,احبها مره وخصوصا نضارب 
1,احب اكتم مشاعري عشان م اتحسف 
2,عم بعرف عنك لسا اكتر واكتر رحتي  بحكو عنك بكل مكان  تاركه قص بكل قلب انسان عرفك حبيبتي 
2,الهم امطر علي قلوبنا اخبارا سعيده تدمع اعينا فرحا 
1,الوحده تقتلني ولادعم ولاشي ياله برزق ماتخيلنها ماهو ع البشر يارب
1,هالفتره فقدت علاقاتي جالس اتوحد بشكل حقيقي 
1,انا فضفضت لناس ومهما شكيت احس محد يفهمني نفسي فلذالك السكوت عندي افضل شيء
1,انه يشوف شلون احبه و اغليه تحسف علي وقت فرغ و جاني
1,اكره الويكند لاني طول الوقت اهلي متي يجي الاحد
2,احبني يطيب خاطري شي ارجع ثاني مستحيل
2,ضحكت ايام  بكين سنين 
2,معصبه معصبه معصبه منجد انا اكره الدوام قلبي انا اكثر وحده تكره الدوام
2,كنت اقول علي ان اضحكها تقع حبي ضحكت كنت اقع حبها اكثر 
2,قرايبي فاهمين الاجازه غلط  ليوم الثالت ع التوالي بعملو كعك وكانها اجازه عيد واله 
2,احتاج طاقه ايجابيه اواجه يومي 
1,الدنيا كانت حلوه وبك ليه بيخلق جنه 
2,طالما اني اؤذي احد يهمني ان احبني احدهم او يحبني انا  علي الارض لتسليه البشر
2,يكون يوم يتيم سعيد و يجي يدري دماغك ينكد و يفكرك بالدراسه و النتيجه و تشيل الهم و تقلب وشك اقل ثانيه 
1,عندي شعور غريب  نفس مسدوده شيء الحياه  اله الا انت سبحانك اني كونت الظالمين 
1,ابتسمت لمستقبلي قال متي الميانه 
1,قاعده افكر الحياه ليه مو عادله معانا لهالدرجه  ليه تفرحنا بحاجه وتنكد علينا بالف 
1,يارب يصادفني شيء يسعدني بكره انا مكسوره الان
1,روحي باهته جدا وقلبي داكن والعتمه ماليه المكان 
1,انا فيني ارق  شهور ساعدوني 
2,شكل شخصيتي غثيثه الناس تسوي فولو وتشيله ه
2,احب اسوي نفسي ادري وانا استخبارات اصلا 
1,اله يلعن مشاعر الساعه  الي تخليني ابكي بدون سب
2,ايقنت ان اله احبني اهداني انت ️
2,الدنيا حلوه مثل ضحكتي 
2,اجعلوا لقران نصيبا يومكم  فالقران طاقه نفسيه ايجابيه ومعجزه الهيه  تطمئن النفوس وتهنيء القلوب ويتلاشي التعب
2,اجعله ملكي  حلالي و سندي  و اجعلني احمل اسمه حتي ٰ المشيب الل ٰ ه ️️
1,احتاج طاقه ايجابيه عميقه اواجه يومي 
1,الشرطه والكل عرف اني حاولت انتحر وقتها وعادي عدت عطوني جلسات نفسيه الدكتوره بنفس المستشفي وطلعت فتره هالكلام كان بالمواساه
1,انا  احترم نفسي واعتز بكرامتي احب ان افرض نفسي علي احد انسحب بهدوء عندما اشعر انه يعد مكان ️
1,انا حزينه ومكسوره القلب لقد تعبت الحياه اريد حياتي الثانيه تنفعني اهم الاشياء تحصل يوم 
2,واحد يغني وماسك ملعقه ليش  يقلب المواجع ه 
1,انا فعلا تعبت الحياه 
1,قاعده اكره بنات الدوام بشكل اعوذ باله ودي اولع فيهم كريهات متصنعات منافقات ومصلحجيات
1,الوحده تقتلني 
1,اله يجمعني فيك كثر تمنيت قربك 
2,احب ريحه جدتي احبها
2,اموت شخص يسوي شيء لانه يدري انه يعجبني احبه 
2,الامير احمد بن عبدالعزيز يتميز بالتالي  رجال عقلاني النضوج السياسي صاحب شعبيه كبير الاحق و الاجدر لحكم
1,تكفون بصيح ليه محد يفهمني 
2,الدنيا حلوه مثل 
1,تكون صاحبي و اعاتبك علي اغلاطك يعني انا اشوف مكانك اشوفك اعلي التفاهات الي تسويها اشوفك اكبر بكثير 
2,القلق القلق القلق مسيطر ع حياتي اتخلص اوف بتربع ع عرش السعاده
2,احب اقول ان اهلي برانكو افضل اهلي جروس
2,تجاهلني تريد لكنك يوما ستفتقد كنت اهتم لامرك 
2,قاعده عم اتروق انا واختي وخي بامان اله فجاه بقلي  بحسك ايمان مايعه 
1,خلال تجربتي الاكتئاب يحتاج لقطع حبل افكار حتي يروح يعني شي مثل الصدمه 
2,الهم تفجعني احب  ربي اعوذ فواجع القدر  ومراره الفراق  الهم اني استودعتك نفسي و عائلتي احب 
1,محد قادر يفهمني لحين 
2,نفس العيون الي ضحكت  بكت 
1,احتاج انهي حياتي 
1,عندي هدف فقدت الحماس اني اكمل 
2,روحي سعيده وقلبي طاير ومبتهج 
2,انا عارفه ان الي هقوله دا يبان عقلاني علي الاطلاق انا شامه ريحه الجو كوكنت
2,احبها انا 
2,يتعافي المرء بكوبايه شاي ف براد القرن السابع عشر
2,المستحيل اجراء حوار عقلاني حول المعتقدات والمفاهيم شخص ورثها ولم يكتسبها طريق العقل - كارلوس ثافون
2,استودعت اله نفسي وعائلتي احب والمسلمين يارب 
1,علي اني حاولت انتحر كثير ربي كاتب الحياه 
1,علي حياتنا ان تكون  فقط  تمرينا علي جمال الرحيل 
2,انا اتجاهل صاحبي انسي اخبي بخاطري لين خاطري يطيب 
1,الي يسالني  ليش يغلطون وماترد عليهم  بذمتك عضك كلب ترد تعضه  نجاسه ي صاحبي 
1,انا مادري ليش دايم نومي متقطع واحلامي تخوف وغريبه 
1,زعلانه لاني لقيت حظ ب شي احبه 
1,انا وحده الناس احب اسولف نفسي وافضفض لنفسي واشكي لنفسي شعور بطل لازم تجربونه
1,اقسم باله الضيقه خانقتني ابي اطلع البقعه ابي اعيش الحياه الي ابيها ابي احق حلمي حتي كان سخيف تعبت مرضت الي قاعدين نعيشه خلاص
1,قاعده امر بفتره صعبه واحس اني وحيد
1,محد يقدر يفهمني جوا 
2,لاحدهم اصلح فساد قلبي او احبني بهذا الخراب
1,الحياه مو عادله ابدا راح تنصفنا وتعطينا حقنا 
2,شفيها لاصارت الدنيا حلوه مثل ضحكتي 
2,وراي مشوار مدري بقوم اتجهز ورانا هالكورونا مسب رعب 
2,عامك سعيد و ايامك اسعد وابهي ياصديق الروح 
2,يلا استني اكل  ساعات اخر شي اكل م احبه طيب اول قلتوا عشان اسوي اكل
2,مو دراما احس اني بديت اغرق داخلي رغم اني صامد قدام الكل
2,مديم النعم  ادم اهلي و احب 
2,سعيده جدا بميلاد توام روحي 
1,علي الاقل كان المفروض تكسر قلبي و انت قلبي
1,حاولت انتحر مرتين بسبهم
1,اكره حياتي واكره نفسي واكره اهلي واكره الناس 
2,يوجد ايمان  بدون الشك 
1,مرهقه نفسيا و جسديا جدا و مش قادره اتكلم حتي افضفض
1,اكره احد يكلم الشخص الي احبه اكثر مني 
2,روحي سعيده وفوق الغيم 
2,اكاونتي بتويتر  مساحه خاصه فيني اوزع طاقه ايجابيه اوزع طاقه سلبيه اوزع مرقوق محد شغل فيني
1,حبيبي كفايا الجفا والخصام تعال نجد ليالي الغرام
1,احس محد يحبني 
1,محد راضي يفهمني ويفهم الخبطه الي فقلبي 
2,فعليا انا بعرفش اشكال قرايبي الاغلب
2,الاشياء المستودعه اله تضيع  فاستودعتك الهم اهلي وسعادتي وقلبي احب وامور حياتي فان ودائعك تضيع 
1,امر بفتره صعبه جدا وهي الكره ل شي حولي 
2,قولوا انه ب الخفي حي مامات زال غالي عيوني  واوده طالت الغيبه وبعد المسافات يبقي ب قلبي مابه انسان قده
2,قطع لسان قلبي ال نداها
1,يارب تعطيني طاقه ايجابيه شوي ️
2,صرت احبني واله
2,ليه محد يفهمني الي ابغاه اني اخذ قصطا النوم
2,انثي بداخلها جمال صادق يراه الا رجل احبها ب صدق
2,الهم رتب احداثا سعيده قادم الايام
2,وربي اكثر شيء احبه فيني اني اقدر اتخطي الشخص ونا مغمضه عيني كانت مكانته عندي
2,تمادوا بحب الاشياء تجعل ارواحكم سعيده و دافئه الداخل 
2,انت لاشفت زولك قمت اهلي ي احب واغلي لعيني نظر عيني 
2,احبها النونو
1,احس مافيني طاقه لشي احس بفراغ كبير مافي شي قادر يمليه
2,يارب خف الم صاحبتي واحفظها 
1,الحياه حقا عادله انا مو حاويه قمامه ومع اضطر اتعامل الكم القرف 
1,تغرك ضحكتي ابتسمت الحزن احيان يضحك صاحبه
1,الانتحار غالبا سبه الاكتئاب  قنعيني ان كليوم فاليل افكاري الانتحاريه سبها ان انه مو مؤمنه 
2,احب اكتم زعلي لاني ادري ان محد راح يفهمه يشوفه بطريقتي 
1,ومهما ضاقت الحياه وتعثرت السبل فتذكر ان سعادتك تملك بمقدار قربك اله 
2,احلي منظر شفته اليوم اصحابي و قرايبي نازلين الوجه ️️️
1,عيوني تورمت كثر مابكيت محد يهتم
1,طبيعي ابكي بدون سب 
2,ابي قربك لحد الرمش بالرمش 
1,محد يفهمني يارب
1,اني انسانه تثقل ع نفسها باي شي الا اني مضغوطه نفسيا وعصبيا والقلق ملازمني واحس اني مشوشه الحياه مو عادله ليه ليه
1,انام كثير لان محد قاعد يفهم زعلي يفهمني
1,يارب ابغي اموت تعبت الحياه
1,اوف واله تعبت
2,اول مره اشوف الدنيا دنيا حلوه ومش سيعاني ️
2,انا قلبي قلبك  و ان العيون بعاد 
2,شعور جميل يوم تحذفون سنابكم
1,وحيده جدا
1,لقد تعبت  المرء منا يدرك انه متعب ولكنه يجهل يتعبه علي وجه التحديد كتنهيده عميقه بلا حزن كصراخ مرعب بلا الم 
1,يومين م ضحكت قلب واحس معجزه 
1,صايره اقوم النوم واحس ضيقه الدنيا كلها فيني ادري ليه
1,احس مافيني طاقه ل اي حاجه بالحياه 
1,مو حزن  انا اعيش فتره محد صار يفهمني داخل ابدا 
2,عندي صاحبتي مش لاقيتها اسمها تاتي
1,تنام قوه الضيقه وتصحي وانت لحين متضايق يصير م يبقي بالك الا انهي حياتي 
1,انا مش قويه واله انا بموت وبنهار وعايزه حد جمبي انا مكسوره اوي وعمري ماهفرح ادعولي والنبي ربنا يجمعني ب بابا ادعولي
1,ابي اصير شخص ايجابي ذاتي تعبت وانا اواسي الناس واعطيهم طاقه ايجابيه واكتب كلام ايجابي اعطي نفسي هالطاقه 
1,حاولت انتحر مره قبل كده و مره بتحصل حاجه غريبه
2,ابتسمت لغيري انت مضطر لاعتذار
2,تعبت اتكلم و اشرح او افسر لدرجه بطقاق و يهمني احد
1,انا ليه دايما لوحدي 
1,اكرهني ليه معقده الناس تقول مقعده حتي الناس الي تحبني تقول معقده محد يفهمني ليه محد يفهم وش قلبي
2, مارس   • اليقين ان تدعو اله بشئ وكل الاسباب حولك توحي بعدم تحقيقه و بداخلك ايمان و يقين تام بان اله  سيستجيب 
1,ليش وقت ضيقي محد يفهمني والكل يختفي 
2,صعبانين عليا قرايبي الي مفكرين اني مبنزلش استوري علي الواتساب 
2, باسمك ربي حصنت اهلي احب ان يصيبهم اذي فيصيبني اضعافه “
1,م افهم ليه نومي متقطع واقوم الف مره وارجع انام وربي الموضوع متعب
2,ناس ودك تسالهم انت ابتسمت بحياتك والا وجهك معلق 
1,محد جالس يفهمني واله بانهار
1,قرت انهي حياتي بالطريقه الا انا شيفاها صح مساعده
2,ياحبيبي اصادقه وياصديقي احبه 
2,يوم حلو زحمه 
1,المضحك المبكي انام بنوع حبوب واكمل يومي بنوع ثاني
1,انا اقلك اولا انا تراجعت بدراستي ونزلت درجاتي وخربت علاقاتي بالناس ماحس بشي وبس كنت ابكي احيان بدون سب شعري تساقط …
1,باب الخروج الحياه وينه تعبت 
1,خاطري انتحر تعبت ضغوطات الحياه ياخي 
1,صحيح انه يوم منهك جيد اني جالس انجز واشغل نفسي افكاري الانتحاريه ونظرتي السوداويه لحياه 
1,الان وقد عصفت الحياه  اني اشعر بالضعف  الوحده تقتلني  والضيق والهم يفتكان
2,صباحي معوذات تحفظني وتحفظ احبابي استوطن روحي سوء  صباحكم اقدار سعيده تقف علي عتبه ابوابكم باذن اله 
1,افكاري الانتحاريه قاعده تزيد يوم
2,انا راضيه يوم اطق مشوار لجامعه زي الحلوه ابدا مو مستعده   ٪ اخذ المحاضرات علي البلاك بورد  الا هالشي تكفون 
1,احتاج انعزل شي
2,باستمراريه دائما  احب حبيبي 
2,الاندومي بدون طبخ البهارات احلي سناك 
2,انا عقلاني
1,ليش احس اني حفره راح اطلع وليش احس فعلا اني وحيده 
1,حاولت انتحر قدرت 
2,يفز قلبي  '  ماحل طاريك  مدري عذاب العشق جنونك ' 
2,الهم امي  سندي وقوتي  الهم احفظها وابعد عنها مايضرها 
2,صار عندي ايمان قوي ان العلاقات  منقيسها بالمده بكثره القاءات تنقاس بالعمق  عادي تلتقي بناس بفتره قصيره يصيرون اقرب الناس لروحك 
2,باسمك ربي حصنت نفسي و اهلي احب ان يصيبنا اذي  الهم اني استودعتك اثمن اشيائي و اغلاها فاحفظها بحفظك ي اله 
1,انت مش موجوعه انا مكسوره
1,احتاج انعزل كائن اعرفه  اعيش لوحدي منطقه ريفيه  اصحي وانام ومحد مشغل تفكيري وقتي كله واسوي الي ودي اسويه اي مبالاه 
1,انا بجد عمر كان نومي متقطع كده بقالي فتره بصحي النوم كتر التفكير او اني بحلم بالحاجات الي بفكر و حقيقي انا تعبت
2,احد يحبك  انا احبني 
2,تهتم يكون رائعا البدايه  اهتم يبقي رائعا الي نهايه 
2,انا الانسانه الي افوز بالمزاجيه والعناد والتناقض بعدها ازعل ليه محد يفهمني ه 
1,ماقلكم ايش روحي باهته لدرجه اني اتصنع الضحكه حتي الامر ابينه عادي احس فاقده شعور الحياه
1,اها تغار علي صاحبتي حلو حلو استغرب تحبها ه
2,اهخ احبني
2,بقلبي شخص اغلي روحي علي وانا سعيده 
1,واله الوحده تقتلني 
2,نشريه قربك بالغلا نبيعه ️
1,فقدت الثقه وفقدت الشغف واراني افقد حاجه 
2,حتي التهايم تغيرت  صارت تيك وانت قاعد مو نايم 
1,اتكلم محد يفهمني ف بحافظ علي صمتي افضل حل 
2,والد صاحبتي تعبان جدا فضلا ادعوله ربنا يشفيه ويعافيه ويشفي مريض ويعافي مبتلي ويقوم بالسلامه ان شاء اله ويتم شفاه علي خير 
1,تذكرت يوم حاولت انتحر كنت اضحك وابكي بنفس الوقت شقد كنت مثيره لشفقه بعدها عرفت مافي شي بيرجع نفس قبل 
2,مسلسل بخط الايد ده جميل كفايه ان ايمان العاصي و يسرا الوزي
2,احب نفسي لدرجه اقدر اتخلي الناس لمجرد ضايقوني'معليش انا 
1,فقدت الحماس فعل اي شيء 
2,تكفون اكره بريكات الدوام الطويله صح راحه ماحب تطول
1,احب علي البال احبها احبها احبها
1,علي الوضوح الي فيني محد قادر يفهمني
2,والحل الارق  المشكله مدري هوا كثره تفكير ارق المهم مو قادره انام 
2,مالي بالرخيص نفسي توده  احب النادر الي يصعب علي غيري ️
2,اكره نومي يكون متقطع صحيت وانا مصدعه 
2,كان حضنها اليوم بمثابه امتلاكي لعالم لعده ثواني احس روحي جدا سعيده 
2,قربك عافيه 
1,شعور ملخبط وغريب ويتعب م اني كاره الكل اني كاره نفسي 
1,احب نفسي لدرجه اقدر اتخلي الناس لمجرد ضايقوني  معليش الا انا 
2,وجود الاخ حضور لصديق ابدي وحب ابدي الهم سندي  الهم اخي لابد ️
2,بقيت بستغربني اوي ف حاجه  مبقتش انا ال كنت عليها م فتره  ع الموضوع عقلاني شويه مفهوش روح كدا وحياه
2,ان ضحكت يموت محبوبك وان سكت اغرم واهاذيبك 
2,الهم تحبط دعوه تمناها قلبي 
2,جعلني صاحبي افقدك بيوم و جعلك معي طول هالسنين ودهرها
2,روحي سعيده هالصباح وجدا 
1,ايها الراقدون تحت التراب انتم الاحياء ونحن الاموات انتم السابقون ونحن الاحقون 
2,اله يلعن المسافه الي م تخليني اخذ صاحبي واضمه بوقت ضيقه 
1,حتي صاحبي الغير تغير 
2,قرايبي صارو بكل مكان يطلعولي 
2,هلافبراير شهر جديد الهم اجعله سعاده وبركه 
2,المزح احيانا يلامس الجرح انتبه ظريف
1,تعبت الحياه
2,افهمك انه قربك وحكيك عافيه  تبعد لحظه احب وقتي فييك 
2,بدايه يوم سعيده
2,احبه احبه احبه احبه
2,روحي وهي معاك سعيده جدا 
1,الهم اني استودعتك نفسي احب ️
2,احب لمن تعالي صوت ضحكات اهلي  يارب دائما ️
1,الحياه مو عادله تخلي الحزن حليف ايامنا بينما لحظه وحده يستقر فينا الفرح 
1,علي وشك انهي حياتي واله 
2,احب اني انسانه حالي حال نفسي  ان مريت ماضريت 
1,امنيتي اني اموت وارتاح الهم والعذاب يلي بقلبي
2,خلاص احب عايشه احبها
2,اتمني يوم شوارع مكه تكون مثل يوم السبت فاضيه والدائري الثالث اوقف السياره وانزل ارقص محد دري عني وربي حلو يبويا
2,احب اني الوحيده المتحكمه بمزاجي واقدر اروق نفسي بنفسي 
2,يوم جميل ⁦️⁩⁦️⁩⁦️⁩
1,انا تعبت الحياه مين يكمل بدالي باله 
1,ليش انا وحيده 
1,حاولت انتحر مره
1,قمت اختصر بالكلام لان محد راح يفهمني 
1,احس مافيني طاقه اعيش
1,جالسه امر بفتره صعبه واوهام اخ
2,الوقت ماتدري شتسوي
1,تعبت انام وانا ضايق صدري
1,نمت وانا زعلانه والحين بداوم وانا زعلانه  الحياه جد مو عادله 
2,انتم بحاجه الي يوم جميل لذالك مسائكم انا 
2,يارب اني انتظر منك فرحا عظيما يسعد قلبي ويريح نفسي ويبكي عيني فرحا فبشرني اكرم الاكرمين
2,حبي الثاني لول بغلاك هادي النفس  مريحا بالي سمي جدك جعل عيني فداه وفداك انت سندي وعصاتي شاب راسي
1,جالسه امر بفتره صعبه وماعرف اطلع
1,و ليه طرا اسمك بالي ابتسمت 
2,الهم اسعدني سعاده يعقبها حزن  وسخر حظوظ الدنيا اطيبها 
1,يارب خوذني باسرع وقت ويارب ماحس بقلبي مره ثانيه ويارب اموت وارتاح
2,بكرا ماني متامله انو يكون يوم حلو ياليت يجيني الكلام المطلوب الي يخليني فوق الغيم حلاوه الشعور
1,تخطي وتكسر خاطري وانت مرتاح وانا بقمه ضيقتي ابتسمت 
1,احسني الفتره ضعيفه مره احس انا لاني ماكنت بهذا الضعف قبل
2,لندفن الذاكره ونحن نغني  وديع سعاده
2,تؤام روحي ♡ اين انت ماده الروح المنسكبه روحي 
1,حقيقي نفسي انهي حياتي دي وابتدي جياه جديده لوحدي حد بردو
2,اكثر كونه حبيبي حياه واكثر 
2,يارب بكرا يكون يوم حلو وميز لاني ودي اضيفو ل الايام الحلوه بحكم انو
1,ليتني اموت وارتاح 
2,يحرق متحمس لنتيجه
2,جهز الابتسامه قبل ان تمد يدك لمصافحه مصافحه ابتسامه تقرب قلبا تمنح سعاده  مساء السعاده والابتسامه الجميله علي محياكم
1,انا مش عارفه انهي حياتي وفي نفس الوقت مش عارفه استمر  ربنا يرزقني حسن الخاتمه عاجلا 
2,كان حضنك اليوم بمثابه امتلاكي لعالم لعده ثواني احس روحي جدا سعيده
1,مستحيل افضفض حتي وصلت لمرحله ابكي قدامك واذا تكلمت لازم احذف اشياء كثيره مو خوف عارفه بالنهايه محد يفهمني زي انا افهم نفسي
1,احب صوت صاحبي حبي واكثر ️
1,احب الناس الي تعطيني طاقه ايجابيه بسوالفها وتحمسني ️
1,اذا احد قالي احبك وقلت وانا مو معناها وانا احبه قال يحبني وانا قلت وانا احبني مثلك 
1,ياله احس مابي اكلم احد ولحد يكلمني ابي اصير وحيده رجاء تعبت الحياه الاجتماعيه
2,جاي عبالي اقدحها موته قبل رمضان انكد ع اهلي و قرايبي
1,اعترف اني حاولت انتحر مامريت بحادثه كسرتني ودخلت اكتئاب لفتره الحمدله قدرت اقوي نفسي شوي مازلت مكسوره داخلي
2,بيني وبين نفسي اعترف انك صديقي بيني وبين قلبي اقر انك حبيبي بيني وبين روحي اشعر انك توام روحي وبكل معاني الصدق و الوفاء انت
1,طبيعي اني كاره الناس والحياه بكبرها 
2,احس روحي سعيده ماسمعت صوت وضحكه  واه يارقه الكون واتساعه 
1,دوما اخشاه ان ابقي وحيدا ان تقتلني الوحده بعيدا شيء 
1,ابدا محد يقدر يفهمني 
1,محد يحبني انا وحيده دائما وابدا 
1,قرت قرار حلو اني اموت وارتاح
1,مجبوره بكل مره اخبي حزني وضيقتي وبعدها اطلع بمظهر الفرحانه ومو فارق معي  لان محد راح يفهمني  واحس تعبت وانا اكتم 
1,لين متي محد يفهمني 
1,م اعرف ليه انا قاعده اتظاهر بالقوه جوا مكسوره مكان 
2,روحوا قولوا لحلوين انهم حلوين بدون مناسبه تو صارت معاي واحس روحي صارت سعيده فرط الشعور الحلو 
2,الانسان امل كنبات ماء  ودون ابتسامه كورده رائحه  ودون ايمان باله وحش قطيع يرحم 
1,فيني كتمه ومشاعر تبكي وكل شي شين داخلي وجهي باقي صامت تعبت
2,يوم مش حلو
2,الهم احفظلي اهلي احب اينما حلت خطاهم الهم اني استودعتك حياتهم وصحتهم وسعادتهم فعندك يارب تضيع الودائع 
2,وحده قرايبي ولدت وبتسمي بنتها نفس اسم بنتي المستقبلي وانا الحين حاله انهيار مايعلم الا اله 
1,محد يقدر يفهمني ويحس بالشعور الي انا احسه
2,مدري متي قرايبي يستوعبو اني اتغطي عنهم 
1,احس روحي باهته ماعاد احتاج او ابغا شيء فحياتي ولاعندي شغف لاي شيء حياه مله
1,فعليا جالسه افكر انهي حياتي
2,سبحان اله دايما نظرتي لناس ف البدايه بتطلع صح ف النهايه 
2,مسندي و سندي واتكائي  عمقي وقوتي وملكي و مملكتي وضلعي الثابت يميل انت ️
1,مش لاقي الي اقوله اني تعبت الحياه 
1,كان السؤال الدائم بعقلي  انهي حياتي بدون اخلي حبايبي يبكون بعدي 
1,مدري انا دراما محد يفهمني 
1,خاطري انتحر تعبت الحياه ياخي 
2,تكن عقلاني لحد القسوه  تكن عاطفي لحد الهشاشه  يجب ان توازن عقلك وقلبك  لتري الامور بشكل افضل فكلاهما يحتاج الاخر 
1,تعبت السهر و الارق و الحياه بشكل عام و خاص
2,اليوم التايم كله طاقه ايجابيه كنت ادري انه المشكله شهر واحد كان انهيناه زمان
1,اليوم اول م قمت رحت لسطح و جلست ابكي حرفيا لين تفقعت عيوني بدون سب واضح
2,يارب يصير شي حلو بكرا الشخص الصح يارب اتمني ان يكون بكرا يوم حلو 
1,انا انسانه كويسه المشكله محد قادر يفهمني حتي انا مو فاهمتني 
2,تجبر احد علي قربك بغاك دل دربك 
1,حاولت انتحر خلال ثلاث شهور الي فات   مرات مازلت صامده
2,الهم سندي وقوتي وضلعي الثابت  الهم ابي واخي اتجاهاتي الهم عزوتي
2,احس روحي ترفرف وجدا سعيده ️
1,اهلي تاركيني فالبيت لحالي لمره المليون شفيهم ذول مايحبوني 
2,ربي احفظ روحا اخاف عليها شيء  واخشي عليها ضر يمسها  الهم اني استودعتك ابوي حبيبي و سندي و قوتي 
1,ابي شخص واحد يفهمني تكفون محد يفهمني حتي دانه تفهمني دايم
2,كثر التفكير مو قادره انام 
1,لتكن سعيدا حبيبي ساهتم انا بالاحزان يعرف قلبي الشقاء  ينفجر ابدا
1,تكلمت وضحت محد راح يفهمني فعلا 
2,ليتني ماتلقفت ورحت قريت كلام المفروض اقراه اهتم 
1,صايره اخاف هالعالم احتاج انعزل شي
2,يازين القهوه الوقت
1,انا حياتي تعبت مني واله 
2,واله اني سعيده مره بالتطور والتقدم السريعين لجامعتنا  وفخوره بانتمائي ️
1,محد راح يفهمني الاخر
2,انا الخايف الوضوح الي يعودني علي التجريح انا الهارب الي التلميح و انا الواقف علي باب الجواب اطق الباب
1,محد قادر يلمس الي جوتي او حتا يفهمني 
1,انا مكسوره هالفتره بشكل ‌ اقدر اخفيه اكثر ومع ‌ ‌ عجزت ‌ استند علي احد و دايما مافيني ‌ شيء رغم ‌ ان ‌ فيني ‌ شي 
2,طالعه اشوف حبيبتي 
2,اقنع بنفسي و اقول الدنيا حلوه 
1,ليش حظي الي احبهم زق ولي احبهم حلو وش الحياه انا متئ اموت وارتاح متئ 
2,وش اكثر مباراه متحمس اليوم ️
2,بدايه يوم كروي حافل نتمني انه يخلص حلو كده وفرقي كلها تفوز
1,حبيبتي مرادي وكيفي وذوقي
2,يارب القلق ارهقني و اخذ عافيتي كثير يارب طمن قلبي وريح بالي ياحبيبي ياربي 
2,احب تفهم اهلي اذا شافوني معصبه يهربون مني لانه عارفين وش بصير
2,دامك حبيبي ليالي العمر محلوه
1,اكره اتناقش اهلي و اسولف معهم
1,تعبت كتر الحنين لكل الحاجات الي مش موجوده ومش هاتبقي  تعبت خذلان الحياه وحقيقي نفسي حاجه واحده كويسه تخليني اصبر واتحمل
1,سمح اله درب وده يفارق الطريق وسيع والفرصه سعيده
2,يوم خفيف ظريف 
2,يوم شفته و الحشا مبهور حلو الوصايف الشين تعداه 
1,مقدر اكتب مشاعري براحتي صار خوفي انو محد يفهمني اكبر اني اشرح شيء كثير كثير كثير يضايقني
2,التوكل اعمق معانيه  انو يكون عندك ايمان كامل بان اله ح يهتم بيك حتي وانت شايف الامور مستحيله
2,وانت قربك سعاده وانت بعدك عذاب 
1,لقد بات الوحده تقتلني 
1,وين اخفي ضيقتي 
2,نفسي اقنع الناس الي يقولون نومك كثير اني احب النوم ومو قاعده احسه كثير ابد
1,صايره الحياه كئيبه جدا
2,يوم كروي متاز  يخليك تعقد ف القهوه وانت مزاجك حلو 
2,عمر امي شكت مني بالبيت بشي  هاليومين نفسها تدفع اي شي لوزاره افتحوا المدارس وطلعوا ايمان عندي 
1,محد رح يفهمني انا مو فاهمتني اساسا
1,اه يارب خلصني تعبت اتعايش واقاوم يوميا
1,واله ماقد ثبت موضوع فبالي فتره طويله الا اني انتحر وهذا اكثر شيء مو قادره اترد عنه حاولت
2,اهخ يوم تذكرت ان بكرا اوف ابتسمت ارادي
1,الحياه ابدا مو عادله تعبت
1,يمه فجاه بديت احس انو مافيني طاقه
2,يقول احدهم احبت شخصا يبادلني نفس الشعور  و احبني شخص ابادله نفس الشعور  اعلم ايهما اسوء ان اكون مكسورا او اكسر روحا 
1,زعلانه انو محد صار يفهمني
2,شهر جميل كالشهورالبقيه لان احتوي يوم ميلادك 
2,نورتي حبيبتي 
2,امشي وانا خايف  اطوفه والصدفه ربي سبيل اقول  اني بشوفه قلبي يجاوب    ; مستحيل 
1,وان قالوا اطلب تمني شيء وتنوله بتمني قربك كثر اله عطاني سنين ️️
1,يارب حق امنيه بات قلبي ليله 
1,احس فقدت الثقه بكل الناس
1,انا تعودت اكتم حزني بقلبي لين تبكي عيني و انام
1,سياخذ البشر نصيبه  سعاده او حزن  يفوتك شيء كتبه اله فارضي بالقدر وقل الحمد دوما وعلي حال 
1,يزعل انو محد قادر يفهمني 
1,سعاده شديده تعود وحيدا جديد
2,قربك ضياع انا راضي اضيع العمر كله معك 
1,مادري ارق ايش بالضبط صاير نومي متقطع كثير و متعبني مره 
1,دعائي هالوقت اني اموت وارتاح حياتي 
2,اله بكره بيكون يوم ميز لازم يكون يوم حلو حلو
1,حزن لان حولي ناس كثيره محد يفهمني ويعرف شعوري 
2,صوت صاحبتي خلاني اروق ️️️️️
1,تعبت نفسي
2,قرت اصير مهرج
2,الهم اني استودعتك اهلي و احب ف احفظهم بحفظك يارب 
2,حظوظ الدنيا الحلوه انك صاحبتي وتبقين اجمل صاحبه 
1,ليش دايم احس نفسي وحيده ان عندي اصدقاء محد يفهمني 
2, عندما اكون معك  اشعر باني زرت الاماكن احبها 
1,حاولت انتحر  مرات فمراحل مختلفه حياتي
1,الحياه الايام صايره مره كئيبه صرت اتحمل واله
2,لحول بنات مدرستي غصب يدخلوني عالمهم القذر ومشاكلهم الي تضحك 
2,جاء ع بالي واشتقت شويه لقيتو مبلكني ه
2,اطالب ا  ايمان الزعير انها تسوي معي اجتماع لان واله مو عمل
2,تكون روحي خفيفه تطير سعيده راضيه قسمه اله نصيب
1,تقتلني الوحده واشعر بوحشه تملا زوايا غرفتي وبرد جمجمتي 
2,حبيبي و صارو الناس ضده  تحداهم و حط ايدي بيده همو حبيبي 
2,عصريه سعيده لجميع يارب ️
2,انا حبيبي بسمته تخجل الضيء حبيبي وانتم 
2,صدقوني بتلقون مثل صاحبتي نوف يوم تطمن علي زقيت ام 
2,تعلم اني احبها  ولكني احبها اكثر تعلم 
1,تظهر امام الناس بكل هدوء تنفجر فجاه لاسباب تافه تعود لهدوئك وكان شيئا يكن تجتاحك نوبه بكاء لكنك تبك
2,مسندي و سندي و اتكائي  عمقي و قوتي و ملكي و ملكتي و ضلعي الثابت يميل ️
1,تعبت نفسي الي حولي قلبي الحياه بكبرها ياربيه ياحبيبي القيامه
2,ويحدث لانسان انه يجوع وخاطره ياكل  مابدانه ياكل الا طبخ ماماته 
2,خلص الفلم ولحين اصيح لحول 
2,يفوز باكثر يوم ضحكت الفجر لحين  حرفيا اله يوسع صدر نفوعي 
1,اله يلعن حياتي شي صعب و مقفل علي جه و ستل الوم نفسي و احس اني ضعيفه و ان كله غلطي انا
1,دارت الدنيا صاحبي هنيالك صرت انا غريبك وهم احبابك 
1,انا مو كئيبه انا عايشه فتره محد عارف يفهمني داخلي بيفهم 
2,بلغت مده السهر ماقدر انام اكثر  ساعات واله شي مستفز واذا نمتها نومي متقطع يعني غصب انام عشان اشبع 
2,اصنع لنفسك يوم جميل وسلك لعمرك محد فاضي هالايام 
1,حياتي قاعده تخرب و لحظاتي السيئه راح تزيد و يوم رغبتي انه انهي حياتي تزيد
1,احس بقي طول عمري محد راح يفهمني احد يحس بضيقتي وزعلي وكلشي صرت حتي اذا زعلت اشخاص انحط السب والوم علي شي يعور القلب واله
1,احس اني قاعده امر بفتره صعبه نفسيا 
1,الوحده كادت تقتلني 
2,يوم جميل و خبر جميل 
1,الفكره اني فكرت كتير الانتحار ويمكن جربت قبل كده  ازاي انتحر وانا مت زمان  ازاي اموت نفسي وهيا مات اساسا
1,قلت كلام كثير محد راح يفهمني
2,شوبي متحمس الدفاع الحقيقه مو داري ريبيكا لسي 
1,مافيني طاقه اي شي احس ودي اكون منسدحه الين مدري متي 
1,جالسه امر بفتره صعبه بفتره احس معد اتحمل اي ناس تصنع يارب راحه كلشي 
2,اله انت سندي توشك حبال قوتي ان تنقطع 
2,الانسان الزملكاوي مش متحمس ليه 
2,عندي اي استعداد اداوم بكره وسب صاحبتي الحلوه مسافره وش يحفزن لبكره 
2,انا اسوي شيء يرضيني ويعجبني حرفيا لاني مؤمنه ايمان تام بان الناس يملا عينهم الا التراب 
2,صح النوم
1,ليش محد راضي يفهمني
2,عارفين تحسوا ان الدنيا حلوه وكلشي حلو عشان انسان واحد  شعوري الحين 
2,ينبض قلبي اشتياقا فما حالك 
1,اكتشفت صدق محد يفهمني يعني يفهم اني عصبت يفهم اني زعلت يفهم اني كاره الشي ف لموت احسن
1,ايش انا حاسه بضياع بهالحظه
2,تدرون وش  خلو شخصيات شينجك يذبحون اهتم اهم شي غابي يجيها شي
1,قلنا ان اهلي مايحبوني مو لدرجه اصحي وماحصل احد بالبيت 
2,يوم جميل جدا 
2,الهم  ابي  سندي الهم  امي  نبضي الهم  اخواني  واخواتي  اضلعي ربي احفظهم بحفظك 
1,اكره الدوام واكره الجامعه واكره الصباح
2,ماعرف ليش لحين زعلانه الحياه مو عادله ابدا
